{
    "animation": [
        {
            "name": "Root",
            "time": [0.0, 0.2, 0.4, 0.6, 0.8],
            "transform": [
                [0.822514, 0.0, -0.568745, -5e-06, -0.568745, 0.0, -0.822514, 0.040298, 0.0, 1.0, 0.0, 0.773411, 0.0, 0.0, 0.0, 1.0],
                [0.822514, 0.0, -0.568745, -5e-06, -0.568745, 0.0, -0.822514, 0.040298, 0.0, 1.0, 0.0, 0.677473, 0.0, 0.0, 0.0, 1.0],
                [0.822514, 0.0, -0.568745, -5e-06, -0.568745, 0.0, -0.822514, 0.040298, 0.0, 1.0, 0.0, 0.773411, 0.0, 0.0, 0.0, 1.0],
                [0.822514, 0.0, -0.568745, -5e-06, -0.568745, 0.0, -0.822514, 0.040298, 0.0, 1.0, 0.0, 0.683326, 0.0, 0.0, 0.0, 1.0],
                [0.822514, 0.0, -0.568745, -5e-06, -0.568745, 0.0, -0.822514, 0.040298, 0.0, 1.0, 0.0, 0.773411, 0.0, 0.0, 0.0, 1.0]
            ]
        },
        {
            "name": "Thigh_R",
            "time": [0.0, 0.2, 0.4, 0.6, 0.8],
            "transform": [
                [0.818786, -0.327499, -0.471523, 0.14429, 0.0, -0.821325, 0.570459, -0.002831, -0.574099, -0.467082, -0.672491, -0.013354, 0.0, 0.0, 0.0, 1.0],
                [0.823028, -0.360101, -0.439263, 0.147327, 0.0, -0.773347, 0.633981, -0.002831, -0.568001, -0.521783, -0.636488, -0.015454, 0.0, 0.0, 0.0, 1.0],
                [0.822918, -0.024783, -0.567619, 0.148578, 0.0, -0.999046, 0.04362, -0.002831, -0.568159, -0.035895, -0.822136, -0.016319, 0.0, 0.0, 0.0, 1.0],
                [0.821429, 0.230446, -0.521679, 0.148149, 0.0, -0.914725, -0.404072, -0.002831, -0.57031, 0.331916, -0.751384, -0.016023, 0.0, 0.0, 0.0, 1.0],
                [0.818786, -0.327499, -0.471523, 0.14429, 0.0, -0.821325, 0.570459, -0.002831, -0.574099, -0.467082, -0.672491, -0.013354, 0.0, 0.0, 0.0, 1.0]
            ]
        },
        {
            "name": "Leg_R",
            "time": [0.0, 0.2, 0.4, 0.6, 0.8],
            "transform": [
                [1.0, 0.0, 1e-06, -0.0, -1e-06, 0.375306, 0.9269, 0.37472, -0.0, -0.926902, 0.375306, 0.0, 0.0, 0.0, 0.0, 1.0],
                [1.0, 0.0, 1e-06, 0.0, -1e-06, 0.773965, 0.633228, 0.37472, -1e-06, -0.633229, 0.773964, 0.0, 0.0, 0.0, 0.0, 1.0],
                [1.0, 0.0, 1e-06, 0.0, -0.0, 0.996195, 0.087156, 0.37472, -1e-06, -0.087156, 0.996194, 0.0, 0.0, 0.0, 0.0, 1.0],
                [1.0, 0.0, 1e-06, -0.0, -0.0, 0.996195, 0.087156, 0.37472, -1e-06, -0.087156, 0.996194, 0.0, 0.0, 0.0, 0.0, 1.0],
                [1.0, 0.0, 1e-06, -0.0, -1e-06, 0.375306, 0.9269, 0.37472, -0.0, -0.926902, 0.375306, 0.0, 0.0, 0.0, 0.0, 1.0]
            ]
        },
        {
            "name": "Knee_R",
            "time": [0.0, 0.2, 0.4, 0.6, 0.8],
            "transform": [
                [1.0, 0.0, -0.0, 0.0, -0.0, 1e-06, -1.0, 0.439324, -0.0, 1.0, 1e-06, -0.000954, 0.0, 0.0, 0.0, 1.0],
                [1.0, 0.0, -0.0, 0.0, -0.0, 1e-06, -1.0, 0.40073, -0.0, 1.0, 1e-06, -0.003832, 0.0, 0.0, 0.0, 1.0],
                [1.0, 0.0, -0.0, 0.0, -0.0, 1e-06, -1.0, 0.37472, -0.0, 1.0, 1e-06, 0.0, 0.0, 0.0, 0.0, 1.0],
                [1.0, 0.0, -0.0, -0.0, -0.0, 1e-06, -1.0, 0.37472, -0.0, 1.0, 1e-06, 0.0, 0.0, 0.0, 0.0, 1.0],
                [1.0, 0.0, -0.0, 0.0, -0.0, 1e-06, -1.0, 0.439324, -0.0, 1.0, 1e-06, -0.000954, 0.0, 0.0, 0.0, 1.0]
            ]
        },
        {
            "name": "Thigh_L",
            "time": [0.0, 0.2, 0.4, 0.6, 0.8],
            "transform": [
                [0.81371, -0.025355, -0.580717, -0.150734, 0.0, -0.999048, 0.04362, -0.002831, -0.58127, -0.035494, -0.812936, 0.017778, 0.0, 0.0, 0.0, 1.0],
                [0.820981, 0.229017, -0.523011, -0.144361, 0.0, -0.916029, -0.401112, -0.002831, -0.570954, 0.329306, -0.752043, 0.013372, 0.0, 0.0, 0.0, 1.0],
                [0.821813, -0.218037, -0.526386, -0.142158, 0.0, -0.923879, 0.382684, -0.002831, -0.569756, -0.314494, -0.759256, 0.011848, 0.0, 0.0, 0.0, 1.0],
                [0.825852, -0.359892, -0.434103, -0.148161, 0.0, -0.769842, 0.638235, -0.002831, -0.563886, -0.527088, -0.635776, 0.015999, 0.0, 0.0, 0.0, 1.0],
                [0.81371, -0.025355, -0.580717, -0.150734, 0.0, -0.999048, 0.04362, -0.002831, -0.58127, -0.035494, -0.812936, 0.017778, 0.0, 0.0, 0.0, 1.0]
            ]
        },
        {
            "name": "Leg_L",
            "time": [0.0, 0.2, 0.4, 0.6, 0.8],
            "transform": [
                [1.0, 0.0, 1e-06, -0.0, -0.0, 0.996194, 0.087156, 0.37472, -1e-06, -0.087156, 0.996195, -0.0, 0.0, 0.0, 0.0, 1.0],
                [1.0, 0.0, 1e-06, 0.0, -0.0, 0.996194, 0.087156, 0.37472, -1e-06, -0.087156, 0.996195, 0.0, 0.0, 0.0, 0.0, 1.0],
                [1.0, -0.0, 1e-06, -0.0, -1e-06, 0.573576, 0.819152, 0.37472, -0.0, -0.819152, 0.573577, 0.0, 0.0, 0.0, 0.0, 1.0],
                [1.0, 0.0, 1e-06, 0.0, -1e-06, 0.769068, 0.639167, 0.37472, -1e-06, -0.639166, 0.769069, 0.0, 0.0, 0.0, 0.0, 1.0],
                [1.0, 0.0, 1e-06, -0.0, -0.0, 0.996194, 0.087156, 0.37472, -1e-06, -0.087156, 0.996195, -0.0, 0.0, 0.0, 0.0, 1.0]
            ]
        },
        {
            "name": "Knee_L",
            "time": [0.0, 0.2, 0.4, 0.6, 0.8],
            "transform": [
                [1.0, 0.0, -0.0, -0.0, -0.0, 1e-06, -1.0, 0.37472, -0.0, 1.0, 1e-06, -0.0, 0.0, 0.0, 0.0, 1.0],
                [1.0, 0.0, -0.0, 0.0, -0.0, 1e-06, -1.0, 0.37472, -0.0, 1.0, 1e-06, 0.0, 0.0, 0.0, 0.0, 1.0],
                [1.0, 0.0, -0.0, 0.0, -0.0, 1e-06, -1.0, 0.417962, -0.0, 1.0, 1e-06, -0.001644, 0.0, 0.0, 0.0, 1.0],
                [1.0, 0.0, -0.0, 0.0, -0.0, 1e-06, -1.0, 0.403148, -0.0, 1.0, 1e-06, -0.003028, 0.0, 0.0, 0.0, 1.0],
                [1.0, 0.0, -0.0, -0.0, -0.0, 1e-06, -1.0, 0.37472, -0.0, 1.0, 1e-06, -0.0, 0.0, 0.0, 0.0, 1.0]
            ]
        },
        {
            "name": "Torso",
            "time": [0.0, 0.2, 0.4, 0.6, 0.8],
            "transform": [
                [0.998352, -0.057337, -0.002383, -0.0, 0.057337, 0.994906, 0.08292, 0.05, -0.002383, -0.08292, 0.996553, -0.0, 0.0, 0.0, 0.0, 1.0],
                [0.959501, -0.273287, -0.068359, -0.0, 0.279559, 0.893825, 0.350606, 0.05, -0.034715, -0.355517, 0.934025, -0.0, 0.0, 0.0, 0.0, 1.0],
                [0.998352, -0.057337, -0.002383, -0.0, 0.057337, 0.994906, 0.08292, 0.05, -0.002383, -0.08292, 0.996553, -0.0, 0.0, 0.0, 0.0, 1.0],
                [0.992946, -0.118128, -0.010202, -0.0, 0.118128, 0.978193, 0.170836, 0.05, -0.010202, -0.170836, 0.985247, -0.0, 0.0, 0.0, 0.0, 1.0],
                [0.998352, -0.057337, -0.002383, -0.0, 0.057337, 0.994906, 0.08292, 0.05, -0.002383, -0.08292, 0.996553, -0.0, 0.0, 0.0, 0.0, 1.0]
            ]
        },
        {
            "name": "Chest",
            "time": [0.0, 0.4, 0.8, 0.2, 0.6],
            "transform": [
                [0.849259, -0.404491, -0.339331, 0.0, 0.525694, 0.707511, 0.472307, 0.3, 0.049037, -0.579496, 0.813499, -0.0, 0.0, 0.0, 0.0, 1.0],
                [0.907562, -0.36718, -0.203738, -0.0, 0.414156, 0.702604, 0.578638, 0.3, -0.069317, -0.60953, 0.789727, 0.0, 0.0, 0.0, 0.0, 1.0],
                [0.849259, -0.404491, -0.339331, 0.0, 0.525694, 0.707511, 0.472307, 0.3, 0.049037, -0.579496, 0.813499, -0.0, 0.0, 0.0, 0.0, 1.0],
                [0.907562, -0.36718, -0.203738, -0.0, 0.414156, 0.702604, 0.578638, 0.3, -0.069317, -0.60953, 0.789727, -0.0, 0.0, 0.0, 0.0, 1.0],
                [0.849259, -0.404491, -0.339331, 0.0, 0.525694, 0.707511, 0.472307, 0.3, 0.049037, -0.579496, 0.813499, -0.0, 0.0, 0.0, 0.0, 1.0]
            ]
        },
        {
            "name": "Head",
            "time": [0.0, 0.2, 0.4, 0.6, 0.8],