{
    "animation": [
        {
            "name": "Root",
            "time": [0.0, 0.2, 0.4, 0.6, 0.8],
            "transform": [
                [0.817735, 0.0, 0.575595, -5e-06, 0.573631, 0.082539, -0.814945, 0.000946, -0.047509, 0.996588, 0.067495, 0.767871, 0.0, 0.0, 0.0, 1.0],
                [0.817735, -0.0, 0.575595, -5e-06, 0.573631, 0.082539, -0.814945, 0.000946, -0.047509, 0.996588, 0.067495, 0.63783, 0.0, 0.0, 0.0, 1.0],
                [0.817735, 0.0, 0.575595, -5e-06, 0.573631, 0.082539, -0.814945, 0.000946, -0.047509, 0.996588, 0.067495, 0.755184, 0.0, 0.0, 0.0, 1.0],
                [0.817735, -0.0, 0.575595, -5e-06, 0.573631, 0.082539, -0.814945, 0.000946, -0.047509, 0.996588, 0.067495, 0.688578, 0.0, 0.0, 0.0, 1.0],
                [0.817735, 0.0, 0.575595, -5e-06, 0.573631, 0.082539, -0.814945, 0.000946, -0.047509, 0.996588, 0.067495, 0.767871, 0.0, 0.0, 0.0, 1.0]
            ]
        },
        {
            "name": "Thigh_R",
            "time": [0.0, 0.2, 0.4, 0.6, 0.8],
            "transform": [
                [0.819752, 0.06025, 0.56954, 0.142899, 0.001775, -0.994711, 0.102674, -0.002831, 0.572715, -0.083156, -0.815526, 0.012591, 0.0, 0.0, 0.0, 1.0],
                [0.819233, -0.291725, 0.493713, 0.148677, -0.003333, -0.863343, -0.504604, -0.002831, 0.57345, 0.411743, -0.708253, 0.016659, 0.0, 0.0, 0.0, 1.0],
                [0.818347, 0.180375, 0.545685, 0.148677, -0.00436, -0.947495, 0.319734, -0.002831, 0.574707, -0.264032, -0.774596, 0.016659, 0.0, 0.0, 0.0, 1.0],
                [0.819008, 0.384143, 0.426215, 0.143032, -0.000983, -0.741874, 0.670537, -0.002831, 0.573781, -0.549593, -0.607225, 0.012685, 0.0, 0.0, 0.0, 1.0],
                [0.819752, 0.06025, 0.56954, 0.142899, 0.001775, -0.994711, 0.102674, -0.002831, 0.572715, -0.083156, -0.815526, 0.012591, 0.0, 0.0, 0.0, 1.0]
            ]
        },
        {
            "name": "Leg_R",
            "time": [0.0, 0.2, 0.4, 0.6, 0.8],
            "transform": [
                [1.0, 0.0, 1e-06, -0.0, -0.0, 0.999956, 0.009411, 0.37472, -1e-06, -0.009411, 0.999955, -0.0, 0.0, 0.0, 0.0, 1.0],
                [1.0, 0.0, 1e-06, -0.0, -0.0, 0.999949, 0.010149, 0.37472, -1e-06, -0.010149, 0.999948, 0.0, 0.0, 0.0, 0.0, 1.0],
                [1.0, -1e-06, 1e-06, 0.0, -0.0, 0.454719, 0.890635, 0.37472, -1e-06, -0.890636, 0.454718, -0.0, 0.0, 0.0, 0.0, 1.0],
                [1.0, -0.0, 1e-06, -0.0, -1e-06, 0.784092, 0.620645, 0.37472, -1e-06, -0.620646, 0.784091, -0.0, 0.0, 0.0, 0.0, 1.0],
                [1.0, 0.0, 1e-06, -0.0, -0.0, 0.999956, 0.009411, 0.37472, -1e-06, -0.009411, 0.999955, -0.0, 0.0, 0.0, 0.0, 1.0]
            ]
        },
        {
            "name": "Knee_R",
            "time": [0.0, 0.2, 0.4, 0.6, 0.8],
            "transform": [
                [1.0, 0.0, -0.0, -0.0, -0.0, 1e-06, -1.0, 0.37472, -0.0, 1.0, 1e-06, -0.0, 0.0, 0.0, 0.0, 1.0],
                [1.0, 0.0, -0.0, -0.0, -0.0, 1e-06, -1.0, 0.37472, -0.0, 1.0, 1e-06, 0.0, 0.0, 0.0, 0.0, 1.0],
                [1.0, 0.0, -0.0, -0.001548, -0.0, 1e-06, -1.0, 0.425123, -0.0, 1.0, 1e-06, 0.002332, 0.0, 0.0, 0.0, 1.0],
                [1.0, 0.0, -0.0, -0.000686, -0.0, 1e-06, -1.0, 0.39908, -0.0, 1.0, 1e-06, -0.000802, 0.0, 0.0, 0.0, 1.0],
                [1.0, 0.0, -0.0, -0.0, -0.0, 1e-06, -1.0, 0.37472, -0.0, 1.0, 1e-06, -0.0, 0.0, 0.0, 0.0, 1.0]
            ]
        },
        {
            "name": "Thigh_L",
            "time": [0.0, 0.2, 0.4, 0.6, 0.8],
            "transform": [
                [0.816485, 0.318617, 0.481492, -0.153142, -0.007158, -0.828295, 0.560246, -0.002831, 0.577322, -0.460879, -0.67401, -0.019817, 0.0, 0.0, 0.0, 1.0],
                [0.816024, 0.451497, 0.360907, -0.144249, -0.004175, -0.619768, 0.784774, -0.002831, 0.578001, -0.641902, -0.503861, -0.013557, 0.0, 0.0, 0.0, 1.0],
                [0.81725, -0.003489, 0.576272, -0.145729, 0.001257, -0.999968, -0.007836, -0.002831, 0.576281, 0.007129, -0.81722, -0.014599, 0.0, 0.0, 0.0, 1.0],
                [0.819936, -0.145052, 0.553773, -0.150602, -0.00676, -0.969751, -0.244002, -0.002831, 0.572415, 0.196323, -0.796114, -0.018029, 0.0, 0.0, 0.0, 1.0],
                [0.816485, 0.318617, 0.481492, -0.153142, -0.007158, -0.828295, 0.560246, -0.002831, 0.577322, -0.460879, -0.67401, -0.019817, 0.0, 0.0, 0.0, 1.0]
            ]
        },
        {
            "name": "Leg_L",
            "time": [0.0, 0.2, 0.4, 0.6, 0.8],
            "transform": [
                [1.0, -1e-06, 0.0, -0.0, -0.0, 0.210869, 0.977515, 0.37472, -1e-06, -0.977514, 0.210869, 0.0, 0.0, 0.0, 0.0, 1.0],
                [1.0, -0.0, 1e-06, 0.0, -0.0, 0.663053, 0.748573, 0.37472, -1e-06, -0.748572, 0.663053, -0.0, 0.0, 0.0, 0.0, 1.0],
                [1.0, 0.0, 1e-06, 0.0, -0.0, 0.999953, 0.009704, 0.37472, -1e-06, -0.009704, 0.999953, 0.0, 0.0, 0.0, 0.0, 1.0],
                [1.0, 0.0, 1e-06, 0.0, -0.0, 0.930198, 0.367058, 0.37472, -1e-06, -0.367058, 0.930198, 0.0, 0.0, 0.0, 0.0, 1.0],
                [1.0, -1e-06, 0.0, -0.0, -0.0, 0.210869, 0.977515, 0.37472, -1e-06, -0.977514, 0.210869, 0.0, 0.0, 0.0, 0.0, 1.0]
            ]
        },
        {
            "name": "Knee_L",
            "time": [0.0, 0.2, 0.4, 0.6, 0.8],
            "transform": [
                [1.0, 0.0, -0.0, 0.002117, -0.0, 1e-06, -1.0, 0.455153, -0.0, 1.0, 1e-06, 0.004167, 0.0, 0.0, 0.0, 1.0],
                [1.0, 0.0, -0.0, 0.000905, -0.0, 1e-06, -1.0, 0.41263, -0.0, 1.0, 1e-06, -0.003815, 0.0, 0.0, 0.0, 1.0],
                [1.0, 0.0, -0.0, 0.0, -0.0, 1e-06, -1.0, 0.37472, -0.0, 1.0, 1e-06, 0.0, 0.0, 0.0, 0.0, 1.0],
                [1.0, 0.0, -0.0, 0.0, -0.0, 1e-06, -1.0, 0.37472, -0.0, 1.0, 1e-06, 0.0, 0.0, 0.0, 0.0, 1.0],
                [1.0, 0.0, -0.0, 0.00205, -0.0, 1e-06, -1.0, 0.453591, -0.0, 1.0, 1e-06, 0.005044, 0.0, 0.0, 0.0, 1.0]
            ]
        },
        {
            "name": "Torso",
            "time": [0.0, 0.2, 0.4, 0.6, 0.8],
            "transform": [
                [0.999222, -0.039435, -0.000303, -0.0, 0.039431, 0.999195, -0.007414, 0.05, 0.000595, 0.007397, 0.999972, 0.0, 0.0, 0.0, 0.0, 1.0],
                [0.999928, -0.012036, 2.8e-05, -0.0, 0.012029, 0.999431, 0.03153, 0.05, -0.000407, -0.031527, 0.999503, 0.0, 0.0, 0.0, 0.0, 1.0],
                [0.999222, -0.039435, -0.000303, -0.0, 0.039431, 0.999195, -0.007414, 0.05, 0.000595, 0.007397, 0.999972, 0.0, 0.0, 0.0, 0.0, 1.0],
                [0.999928, -0.012036, 2.8e-05, -0.0, 0.012029, 0.999431, 0.03153, 0.05, -0.000407, -0.031527, 0.999503, -0.0, 0.0, 0.0, 0.0, 1.0],
                [0.999222, -0.039435, -0.000303, -0.0, 0.039431, 0.999195, -0.007414, 0.05, 0.000595, 0.007397, 0.999972, 0.0, 0.0, 0.0, 0.0, 1.0]
            ]
        },
        {
            "name": "Chest",
            "time": [0.0, 0.2, 0.4, 0.6, 0.8],
            "transform": [
                [0.783276, 0.26023, 0.564588, 0.0, -0.471763, 0.840263, 0.267203, 0.3, -0.404868, -0.475645, 0.780925, -0.0, 0.0, 0.0, 0.0, 1.0],
                [0.695407, 0.324979, 0.640935, -0.0, -0.63798, 0.689693, 0.342499, 0.3, -0.330743, -0.64708, 0.686947, -0.0, 0.0, 0.0, 0.0, 1.0],
                [0.783276, 0.26023, 0.564588, 0.0, -0.471763, 0.840263, 0.267203, 0.3, -0.404868, -0.475645, 0.780925, -0.0, 0.0, 0.0, 0.0, 1.0],
                [0.695407, 0.324979, 0.640935, -0.0, -0.63798, 0.689693, 0.342499, 0.3, -0.330743, -0.64708, 0.686947, -0.0, 0.0, 0.0, 0.0, 1.0],
                [0.783276, 0.26023, 0.564588, 0.0, -0.471763, 0.840263, 0.267203, 0.3, -0.404868, -0.475645, 0.780925, -0.0, 0.0, 0.0, 0.0, 1.0]
            ]
        },
        {
            "name": "Head",
            "time": [0.0, 0.2, 0.4, 0.6, 0.8],